RM_ID,RM_Name,City,Age,Gender,Joining_Date,Experience
RM0001,Vickie Zimmerman,Jaipur,33,M,2016-11-09 00:00:00.000000,9.0
RM0002,Kimberly Mitchell,Jaipur,47,M,2021-11-16 00:00:00.000000,10.0
RM0003,Sara Conner,Kolkata,33,F,2019-06-01 00:00:00.000000,7.0
RM0004,Tina Meza,Mumbai,41,F,2012-06-16 00:00:00.000000,14.0
RM0005,Stephanie Gray,Chennai,39,F,2018-10-01 00:00:00.000000,6.0
RM0006,Marc Castro,Pune,31,M,2014-04-09 00:00:00.000000,6.0
RM0007,Richard Kelly,Jaipur,22,M,2023-12-14 00:00:00.000000,8.0
RM0008,Michael Stewart,Lucknow,30,F,2012-12-20 00:00:00.000000,1.0
RM0009,Nicole Todd,Jaipur,37,F,2017-06-11 00:00:00.000000,3.0
RM0010,Alison Molina,Delhi,23,M,2019-03-06 00:00:00.000000,4.0
RM0011,Ms. Natasha Ballard,Mumbai,33,F,2012-09-11 00:00:00.000000,13.0
RM0012,Kelly Hawkins,Jaipur,23,M,2014-09-02 00:00:00.000000,8.0
RM0013,Nicholas Stewart,Chennai,35,M,2013-06-21 00:00:00.000000,5.0
RM0014,Melissa Nelson,Hyderabad,38,M,2013-03-22 00:00:00.000000,3.0
RM0015,Heather Elliott,Bangalore,32,F,2019-11-27 00:00:00.000000,5.0
RM0016,Victoria Hughes,Kolkata,49,F,2012-11-13 00:00:00.000000,5.0
RM0017,RM_Employee_16,Chennai,26,M,2022-11-22 00:00:00.000000,7.0
RM0018,Jorge Ray,Chennai,25,F,2010-07-11 00:00:00.000000,11.0
RM0019,Daniel Brown,Pune,22,M,2023-07-18 00:00:00.000000,8.0
RM0020,Jennifer Williams,Jaipur,36,M,2015-11-19 00:00:00.000000,2.0
RM0021,Mark Hall,Jaipur,36,M,2023-10-06 00:00:00.000000,10.0
RM0022,RM_Employee_21,Kolkata,32,F,2024-08-23 00:00:00.000000,7.0
RM0023,Kristopher Hood,Ahmedabad,29,M,2022-05-15 00:00:00.000000,2.0
RM0024,RM_Employee_23,Bangalore,43,M,2020-04-09 00:00:00.000000,6.0
RM0025,Courtney Cochran,Chennai,22,F,2013-11-12 00:00:00.000000,9.0
RM0026,Tonya Thompson,Hyderabad,31,M,2015-06-16 00:00:00.000000,9.0
RM0027,Samantha Ford,Hyderabad,39,M,2013-02-11 00:00:00.000000,5.0
RM0028,RM_Employee_27,Jaipur,42,M,2018-12-19 00:00:00.000000,12.0
RM0029,William Phelps,Hyderabad,32,F,2010-02-13 00:00:00.000000,4.0
RM0030,RM_Employee_29,Hyderabad,42,F,2020-11-04 00:00:00.000000,9.0
RM0031,Carl Cruz,Bangalore,33,M,2015-10-11 00:00:00.000000,6.0
RM0032,Gail Torres,Mumbai,25,M,2024-08-29 00:00:00.000000,3.0
RM0033,Heather Brown,Chennai,45,F,2015-08-09 16:32:40.661317,11.0
RM0034,Kevin Bell Jr.,Chennai,43,M,2023-01-25 00:00:00.000000,7.0
RM0035,Juan Maynard,Chennai,29,F,2010-02-20 00:00:00.000000,9.0
RM0036,David Bradley,Jaipur,35,F,2014-05-01 00:00:00.000000,9.0
RM0037,William Olson,Pune,47,M,2016-11-16 00:00:00.000000,9.7
RM0038,Frank Barnes,Chennai,41,F,2021-12-16 00:00:00.000000,0.0
RM0039,Kelly Braun,Kolkata,32,M,2020-05-06 00:00:00.000000,8.0
RM0040,Carla Owens,Hyderabad,22,M,2020-09-23 00:00:00.000000,8.0
RM0041,Mrs. Mariah Carter,Chennai,37,M,2016-07-26 00:00:00.000000,7.0
RM0042,Kelly Luna,Chennai,30,M,2013-08-09 04:32:40.661490,13.0
RM0043,Hannah Mitchell,Ahmedabad,30,F,2015-09-12 00:00:00.000000,4.0
RM0044,Katie Dougherty,Chennai,37,M,2010-09-10 00:00:00.000000,35.0
RM0045,Logan Parker,Jaipur,39,F,2017-10-16 00:00:00.000000,5.0
RM0046,Jason Ferguson,Bangalore,42,M,2023-11-26 00:00:00.000000,8.0
RM0047,RM_Employee_46,Ahmedabad,32,F,2023-10-23 00:00:00.000000,5.0
RM0048,RM_Employee_47,Chennai,23,F,2018-08-26 00:00:00.000000,6.0
RM0049,Randy Butler,Mumbai,37,M,2014-09-23 00:00:00.000000,9.0
RM0050,Kevin Hoffman,Jaipur,33,M,2019-09-27 00:00:00.000000,8.0
RM0051,Holly Harmon,Kolkata,31,M,2012-04-20 00:00:00.000000,2.0
RM0052,Sherry Serrano,Ahmedabad,28,F,2023-03-22 00:00:00.000000,6.0
RM0053,Lori Yang,Hyderabad,38,M,2024-05-23 00:00:00.000000,7.0
RM0054,Cameron Smith,Mumbai,36,M,2016-08-30 00:00:00.000000,15.0
RM0055,Rachel Wilkins,Hyderabad,34,M,2021-06-10 00:00:00.000000,9.0
RM0056,David Wilson,Lucknow,34,M,2022-04-03 00:00:00.000000,0.0
RM0057,Jill Lewis,Lucknow,54,M,2018-02-05 00:00:00.000000,8.0
RM0058,Caroline Coleman,Kolkata,37,F,2019-10-08 00:00:00.000000,7.0
RM0059,Lauren Spence,Jaipur,25,F,2021-06-19 00:00:00.000000,7.0
RM0060,Andrew Davis,Ahmedabad,41,F,2019-08-31 00:00:00.000000,12.0
RM0061,Benjamin Williams,Lucknow,27,F,2017-09-12 00:00:00.000000,11.0
RM0062,Kiara Bennett,Ahmedabad,23,M,2020-02-17 00:00:00.000000,13.0
RM0063,Christopher Jones,Jaipur,52,F,2010-11-06 00:00:00.000000,10.0
RM0064,Ethan Reynolds,Pune,30,M,2024-01-16 00:00:00.000000,4.0
RM0065,Erica Powers,Lucknow,30,M,2018-10-02 00:00:00.000000,8.0
RM0066,RM_Employee_65,Jaipur,35,F,2010-08-12 00:00:00.000000,1.0
RM0067,Tonya Ryan,Mumbai,38,M,2018-05-31 00:00:00.000000,3.0
RM0068,Benjamin Bennett,Lucknow,47,F,2015-12-02 00:00:00.000000,4.0
RM0069,Elizabeth Ross,Ahmedabad,32,M,2014-07-01 00:00:00.000000,4.0
RM0070,Jordan Odom,Delhi,25,M,2015-01-06 00:00:00.000000,11.0
RM0071,Samantha Bailey,Hyderabad,45,F,2013-07-26 00:00:00.000000,8.0
RM0072,Ashley Bonilla,Jaipur,36,M,2021-11-01 00:00:00.000000,1.0
RM0073,Kevin Johnson,Hyderabad,41,F,2022-05-02 00:00:00.000000,9.0
RM0074,Justin Yates,Jaipur,24,M,2012-09-25 00:00:00.000000,3.0
RM0075,Tammy Valdez,Jaipur,37,M,2016-05-10 00:00:00.000000,10.0
RM0076,Heather Torres,Ahmedabad,37,F,2023-11-12 00:00:00.000000,9.0
RM0077,Monique Wheeler,Kolkata,36,F,2017-05-23 00:00:00.000000,5.0
RM0078,Janet Anderson,Mumbai,29,M,2017-07-18 00:00:00.000000,9.0
RM0079,Tyler King,Hyderabad,38,F,2010-05-23 00:00:00.000000,15.0
RM0080,RM_Employee_79,Jaipur,40,M,2022-08-14 00:00:00.000000,3.0
RM0081,Zachary Jordan,Jaipur,41,F,2015-02-23 00:00:00.000000,4.0
RM0082,Christopher Smith,Bangalore,28,F,2016-07-25 00:00:00.000000,12.0
RM0083,Jose Day,Lucknow,38,F,2012-10-02 00:00:00.000000,13.9
RM0084,Phillip Jones MD,Pune,50,F,2017-01-22 00:00:00.000000,11.0
RM0085,Matthew Cox,Kolkata,28,M,2021-12-02 00:00:00.000000,7.0
RM0086,Brittany Guerra,Ahmedabad,28,M,2021-03-21 00:00:00.000000,4.0
RM0087,Michael Shelton,Hyderabad,37,F,2018-02-14 00:00:00.000000,7.0
RM0088,Jason Hudson,Ahmedabad,41,F,2014-11-03 00:00:00.000000,9.0
RM0089,Debra Moore,Delhi,46,M,2016-02-16 00:00:00.000000,8.0
RM0090,Michelle Wolfe,Kolkata,56,M,2014-06-28 00:00:00.000000,6.0
RM0091,Jeanne Brown,Chennai,28,M,2016-08-06 00:00:00.000000,10.0
RM0092,David Smith,Pune,38,F,2019-04-17 00:00:00.000000,3.0
RM0093,Christina Garcia,Kolkata,40,F,2019-08-09 16:32:40.661898,7.0
RM0094,Deborah Knight,Jaipur,34,F,2014-03-23 00:00:00.000000,9.0
RM0095,Shelley Phillips,Chennai,22,M,2018-04-13 00:00:00.000000,4.0
RM0096,Amber Boone,Lucknow,41,F,2021-11-29 00:00:00.000000,6.0
RM0097,Joseph Davis,Jaipur,25,F,2019-07-19 00:00:00.000000,8.0
RM0098,Kim Martin,Delhi,38,F,2012-08-29 00:00:00.000000,8.0
RM0099,Ernest Adams,Jaipur,36,F,2023-11-12 00:00:00.000000,4.0
RM0100,John Davis,Mumbai,25,M,2015-02-07 00:00:00.000000,8.0
RM0101,Miranda Strickland,Delhi,39,F,2022-11-03 00:00:00.000000,9.0
RM0102,Lisa Watts,Jaipur,43,F,2022-03-16 00:00:00.000000,12.0
RM0103,Jessica Baxter,Pune,27,F,2016-01-04 00:00:00.000000,2.0
RM0104,Kyle Jenkins,Kolkata,39,F,2018-08-04 00:00:00.000000,10.0
RM0105,Robert Walter,Pune,60,M,2024-05-28 00:00:00.000000,10.0
RM0106,Larry Chavez,Bangalore,44,M,2015-10-22 00:00:00.000000,10.0
RM0107,RM_Employee_106,Bangalore,40,F,2015-08-09 16:32:40.662029,11.0
RM0108,Karen Richardson,Delhi,41,M,2024-11-20 00:00:00.000000,6.0
RM0109,David Sullivan,Jaipur,33,F,2019-01-07 00:00:00.000000,4.0
RM0110,Jamie Burke,Delhi,35,F,2020-04-07 00:00:00.000000,6.0
RM0111,Carlos Wilcox,Delhi,22,M,2010-01-21 00:00:00.000000,17.0
RM0112,Kristina Carter,Delhi,22,M,2017-02-27 00:00:00.000000,10.0
RM0113,Kyle Fisher MD,Pune,43,F,2015-05-15 00:00:00.000000,6.0
RM0114,Tracy Rodgers,Mumbai,26,M,2020-06-21 00:00:00.000000,8.0
RM0115,Sarah Waller,Delhi,40,M,2010-07-19 00:00:00.000000,5.0
RM0116,Jennifer Mcfarland,Hyderabad,36,M,2010-02-15 00:00:00.000000,40.0
RM0117,Alexandra Davis,Jaipur,29,F,2010-12-02 00:00:00.000000,8.0
RM0118,Colleen York,Mumbai,40,M,2016-11-22 00:00:00.000000,16.0
RM0119,Brad Morrison,Jaipur,36,F,2024-08-21 00:00:00.000000,0.0
RM0120,Tyler Norris,Chennai,41,F,2016-01-21 00:00:00.000000,5.0
RM0121,Larry Hays,Jaipur,34,F,2015-07-15 00:00:00.000000,4.0
RM0122,Benjamin Guzman,Lucknow,41,F,2015-12-14 00:00:00.000000,35.0
RM0123,Michelle Quinn,Pune,32,F,2016-04-29 00:00:00.000000,3.0
RM0124,RM_Employee_123,Bangalore,29,M,2018-05-05 00:00:00.000000,6.0
RM0125,Peter Moore,Chennai,38,M,2014-03-26 00:00:00.000000,15.0
RM0126,Kristen Spencer,Lucknow,42,F,2022-08-18 00:00:00.000000,2.0
RM0127,Chad Bentley,Hyderabad,43,M,2016-03-12 00:00:00.000000,16.0
RM0128,Eric Cunningham,Delhi,31,M,2022-11-10 00:00:00.000000,1.0
RM0129,Jennifer Ford,Bangalore,29,F,2017-12-19 00:00:00.000000,13.0
RM0130,Andrew Harris,Ahmedabad,41,F,2023-12-31 00:00:00.000000,9.0
RM0131,RM_Employee_130,Pune,34,F,2018-07-08 00:00:00.000000,4.0
RM0132,Jon Lopez,Delhi,26,F,2014-12-28 00:00:00.000000,0.0
RM0133,Jasmine Sanchez,Pune,25,M,2021-04-09 00:00:00.000000,6.0
RM0134,Abigail Cohen,Chennai,23,M,2012-11-24 00:00:00.000000,14.0
RM0135,RM_Employee_134,Jaipur,36,M,2022-05-14 00:00:00.000000,6.0
RM0136,Richard Matthews,Bangalore,23,M,2021-01-02 00:00:00.000000,13.0
RM0137,Ronald Murphy,Chennai,35,M,2020-06-21 00:00:00.000000,12.0
RM0138,Sarah Solis,Kolkata,38,M,2010-07-01 00:00:00.000000,4.0
RM0139,Ashley Pham,Jaipur,30,M,2012-08-24 00:00:00.000000,8.0
RM0140,Ashley Farley,Kolkata,31,F,2021-09-12 00:00:00.000000,8.0
RM0141,Billy Ho,Delhi,35,F,2022-05-23 00:00:00.000000,8.0
RM0142,Walter Dean,Bangalore,25,M,2012-08-08 22:32:40.662315,14.0
RM0143,Doris Bean,Lucknow,22,F,2010-03-25 00:00:00.000000,16.0
RM0144,Katherine Holmes,Ahmedabad,33,M,2023-02-15 00:00:00.000000,3.5
RM0145,Daniel Abbott,Bangalore,30,M,2022-10-08 00:00:00.000000,9.0
RM0146,Karen Miller,Jaipur,31,F,2017-09-08 00:00:00.000000,7.0
RM0147,Katie Ellis,Delhi,41,M,2011-10-29 00:00:00.000000,5.0
RM0148,Vincent Nelson,Ahmedabad,29,F,2017-08-09 04:32:40.662384,9.0
RM0149,Robert Clark,Pune,37,F,2016-02-26 00:00:00.000000,11.0
RM0150,Jasmine King,Pune,40,F,2019-08-31 00:00:00.000000,11.0
RM0151,Laura Rice,Ahmedabad,30,M,2013-09-24 00:00:00.000000,4.0
RM0152,Jeremy Owens,Pune,39,F,2020-09-13 00:00:00.000000,10.0
RM0153,Angela Parrish,Jaipur,35,F,2018-04-19 00:00:00.000000,7.0
RM0154,Blake Hamilton,Jaipur,30,M,2018-12-09 00:00:00.000000,13.0
RM0155,Nancy Jackson,Pune,33,M,2015-04-19 00:00:00.000000,10.0
RM0156,John Olson,Jaipur,43,M,2019-08-09 16:32:40.662463,7.0
RM0157,James Garcia,Delhi,41,F,2014-10-16 00:00:00.000000,11.0
RM0158,Robert Castillo,Bangalore,35,F,2011-03-29 00:00:00.000000,13.0
RM0159,Dr. Barbara Pruitt,Bangalore,32,F,2018-08-21 00:00:00.000000,10.0
RM0160,Diane Gutierrez,Mumbai,33,M,2019-10-01 00:00:00.000000,9.0
RM0161,Zachary Stevens,Jaipur,39,M,2013-02-27 00:00:00.000000,8.0
RM0162,Miss Leslie Jones DDS,Jaipur,51,F,2010-12-18 00:00:00.000000,4.0
RM0163,Mary Gonzales,Bangalore,25,F,2013-02-19 00:00:00.000000,3.0
RM0164,Norman Thompson,Hyderabad,41,M,2011-12-13 00:00:00.000000,12.0
RM0165,Barbara Patterson,Mumbai,35,F,2022-12-05 00:00:00.000000,10.0
RM0166,Michelle Hayes,Jaipur,27,F,2021-02-10 00:00:00.000000,7.0
RM0167,John Sanchez,Chennai,29,F,2018-09-05 00:00:00.000000,8.0
RM0168,Amber Torres,Jaipur,33,F,2013-03-15 00:00:00.000000,11.0
RM0169,John Price,Chennai,32,F,2011-12-10 00:00:00.000000,4.0
RM0170,RM_Employee_169,Ahmedabad,30,M,2017-11-14 00:00:00.000000,9.0
RM0171,Catherine Gutierrez,Ahmedabad,33,M,2024-12-28 00:00:00.000000,4.0
RM0172,Jordan Hall,Lucknow,30,F,2010-04-11 00:00:00.000000,8.0
RM0173,Shannon Chavez,Delhi,36,F,2019-04-18 00:00:00.000000,6.0
RM0174,RM_Employee_173,Mumbai,23,F,2022-10-28 00:00:00.000000,2.0
RM0175,Darryl Rocha,Pune,33,F,2016-04-15 00:00:00.000000,5.0
RM0176,Tyler Deleon,Ahmedabad,46,F,2011-08-27 00:00:00.000000,9.0
RM0177,Marvin Mcgrath,Jaipur,33,M,2019-03-12 00:00:00.000000,11.0
RM0178,Chad Pierce,Kolkata,26,M,2020-11-07 00:00:00.000000,7.0
RM0179,Marissa Kennedy,Jaipur,32,M,2021-03-15 00:00:00.000000,7.0
RM0180,Chad Galvan,Kolkata,28,F,2024-07-02 00:00:00.000000,9.0
RM0181,Brian Vaughn,Hyderabad,47,F,2014-02-20 00:00:00.000000,10.0
RM0182,Emily Casey,Ahmedabad,38,F,2019-07-07 00:00:00.000000,7.0
RM0183,Cynthia Hill,Pune,31,F,2012-05-18 00:00:00.000000,10.0
RM0184,Melissa Mcguire,Chennai,35,F,2022-09-17 00:00:00.000000,8.0
RM0185,Gina Rivera,Jaipur,28,F,2023-05-23 00:00:00.000000,8.0
RM0186,Pamela Miller,Bangalore,38,F,2016-06-03 00:00:00.000000,10.2
RM0187,Sharon Mendoza,Delhi,42,M,2022-05-15 00:00:00.000000,13.0
RM0188,Robert Burton,Kolkata,28,F,2023-10-15 00:00:00.000000,16.0
RM0189,Jessica Gutierrez,Hyderabad,36,M,2010-04-13 00:00:00.000000,11.0
RM0190,Kayla Powell,Ahmedabad,28,F,2020-12-29 00:00:00.000000,16.0
RM0191,Kelsey Leonard,Kolkata,30,M,2024-04-08 00:00:00.000000,4.0
RM0192,Lisa Chavez,Chennai,30,M,2015-10-04 00:00:00.000000,0.0
RM0193,Mrs. Becky Roberts,Bangalore,36,F,2019-02-24 00:00:00.000000,4.0
RM0194,Kyle Casey,Bangalore,50,F,2010-03-16 00:00:00.000000,9.0
RM0195,Kevin Hawkins,Chennai,30,M,2021-05-24 00:00:00.000000,11.0
RM0196,John Stevenson,Jaipur,38,M,2016-12-27 00:00:00.000000,4.0
RM0197,Brian Morales,Delhi,49,M,2012-08-07 00:00:00.000000,2.0
RM0198,Jacob Wade,Mumbai,31,M,2014-08-09 10:32:40.662807,12.0
RM0199,Christopher Richmond,Delhi,45,M,2012-11-16 00:00:00.000000,1.0
RM0200,Jesse Cantu,Kolkata,44,M,2015-12-14 00:00:00.000000,7.0
RM0201,Kristie Rogers,Bangalore,30,M,2024-08-30 00:00:00.000000,1.0
RM0202,Heidi Daniel,Kolkata,35,F,2020-11-14 00:00:00.000000,8.0
RM0203,Eric Gill,Jaipur,39,M,2017-09-25 00:00:00.000000,6.0
RM0204,Nicholas Elliott,Mumbai,33,M,2021-12-23 00:00:00.000000,3.0
RM0205,Xavier Moran,Lucknow,39,F,2023-05-11 00:00:00.000000,8.0
RM0206,RM_Employee_205,Hyderabad,26,M,2013-07-03 00:00:00.000000,10.0
RM0207,Mary Cortez,Kolkata,45,M,2018-03-29 00:00:00.000000,1.0
RM0208,Tommy Douglas,Bangalore,29,F,2010-03-28 00:00:00.000000,9.0
RM0209,Shane Nguyen,Ahmedabad,35,M,2019-03-07 00:00:00.000000,14.0
RM0210,Cynthia Jimenez,Lucknow,35,F,2020-04-26 00:00:00.000000,12.0
RM0211,Mark Turner,Ahmedabad,49,F,2021-04-26 00:00:00.000000,16.0
RM0212,Louis Davila,Pune,42,F,2015-08-07 00:00:00.000000,7.0
RM0213,Nicolas Porter,Pune,45,M,2016-08-08 22:32:40.662960,10.0
RM0214,David Gonzalez,Hyderabad,40,M,2015-10-16 00:00:00.000000,4.0
RM0215,Daniel Moore,Ahmedabad,22,M,2017-08-01 00:00:00.000000,12.0
RM0216,Sean Wilkerson,Mumbai,22,M,2017-03-16 00:00:00.000000,3.0
RM0217,David Collins,Mumbai,40,F,2013-06-06 00:00:00.000000,6.0
RM0218,Kevin Henry,Jaipur,35,F,2022-08-17 00:00:00.000000,14.0
RM0219,Michelle Harrison,Chennai,23,F,2011-09-03 00:00:00.000000,14.0
RM0220,Justin Charles,Hyderabad,34,M,2012-03-31 00:00:00.000000,1.0
RM0221,Julie Newman,Jaipur,34,F,2015-05-02 00:00:00.000000,9.0
RM0222,Gerald Jensen,Jaipur,34,F,2018-08-06 00:00:00.000000,0.0
RM0223,Thomas Patterson Jr.,Mumbai,40,M,2022-03-27 00:00:00.000000,2.0
RM0224,Jessica Collins,Hyderabad,27,F,2023-12-22 00:00:00.000000,9.0
RM0225,Jason Leach,Delhi,26,F,2022-02-14 00:00:00.000000,5.0
RM0226,RM_Employee_225,Pune,42,F,2010-10-21 00:00:00.000000,7.0
RM0227,Denise Hammond,Kolkata,39,M,2015-12-29 00:00:00.000000,4.0
RM0228,Robert Zuniga,Pune,28,F,2014-03-12 00:00:00.000000,5.0
RM0229,Jacqueline Walker,Jaipur,26,M,2016-12-12 00:00:00.000000,7.0
RM0230,Albert Andersen,Delhi,25,M,2012-12-02 00:00:00.000000,40.0
RM0231,Steven Carson,Ahmedabad,35,F,2024-07-03 00:00:00.000000,15.0
RM0232,Paul Schaefer,Lucknow,36,M,2018-12-26 00:00:00.000000,5.0
RM0233,Cindy Arnold,Pune,33,M,2019-04-25 00:00:00.000000,7.0
RM0234,Tina Castro,Kolkata,41,F,2024-06-17 00:00:00.000000,10.0
RM0235,Steven Estrada,Pune,30,M,2017-02-05 00:00:00.000000,5.0
RM0236,Sharon Harrison,Ahmedabad,22,F,2013-01-09 00:00:00.000000,6.0
RM0237,Ian Decker,Kolkata,45,F,2018-04-06 00:00:00.000000,1.0
RM0238,Crystal Kelly,Mumbai,33,M,2020-12-18 00:00:00.000000,14.0
RM0239,Karen Williams,Lucknow,37,F,2018-09-26 00:00:00.000000,7.9
RM0240,Pedro Smith,Jaipur,43,F,2020-10-26 00:00:00.000000,20.0
RM0241,Brandon Smith,Mumbai,27,M,2020-07-28 00:00:00.000000,7.0
RM0242,Jason Weaver,Chennai,36,F,2024-04-09 00:00:00.000000,1.0
RM0243,Angela Dawson,Delhi,23,M,2016-07-05 00:00:00.000000,4.0
RM0244,Terry Lee,Kolkata,26,F,2021-08-09 04:32:40.663208,5.0
RM0245,RM_Employee_244,Kolkata,42,M,2018-11-14 00:00:00.000000,14.0
RM0246,Donna Ross,Delhi,46,F,2014-09-09 00:00:00.000000,7.0
RM0247,Colleen Mcguire,Lucknow,28,M,2015-07-23 00:00:00.000000,8.0
RM0248,Donna Maynard,Bangalore,39,F,2024-07-20 00:00:00.000000,14.0
RM0249,Erica Macdonald,Bangalore,33,F,2013-10-10 00:00:00.000000,3.0
RM0250,Michael Snyder,Chennai,23,F,2010-06-08 00:00:00.000000,4.0
